subject_loss,object_loss,aggregate_loss,train_MRR,val_MRR,test_MRR,Triples
3.6200737953186035,2.444133996963501,6.322384834289551,1,0.319909016458407,0.3126923566800212,500_gemma
3.6318917274475098,2.4492287635803223,6.3133745193481445,1,0.32114645529788644,0.31653706326219994,500_gpt
3.6294219493865967,2.440654754638672,6.3010573387146,1,0.31758614389420736,0.31381035579662075,1500_gemma
3.607063055038452,2.404268503189087,6.271360397338867,1,0.32417099301081964,0.3174737434647099,1500_gpt
3.562335252761841,2.421959400177002,6.228628158569336,1,0.30441896942306057,0.2999563643067402,2500_gemma
3.642178773880005,2.5222463607788086,6.445261478424072,1,0.30757371659087934,0.3017631135079273,2500_gpt
