subject_loss,object_loss,aggregate_loss,train_MRR,val_MRR,test_MRR,Triples
4.531693458557129,3.3541605472564697,8.088973045349121,1,0.28917935162024405,0.2856175144678598,15_gemma
4.602309226989746,3.3046605587005615,8.111124992370605,1,0.29376623084553144,0.2862682474208818,15_gpt
