subject_loss,object_loss,aggregate_loss,train_MRR,val_MRR,test_MRR,Triples
3.5426576137542725,2.466813564300537,6.254970550537109,1,0.31960706215079737,0.31365970573393254,15_gemma
3.5802440643310547,2.4718213081359863,6.2855048179626465,1,0.3208833224522506,0.3144955109826838,15_gpt
3.5864763259887695,2.4521520137786865,6.265252590179443,1,0.31785583780801646,0.3149959675612341,50_gemma
3.611356019973755,2.465101957321167,6.316573619842529,1,0.31855883397249696,0.31576739740557147,50_gpt
3.624528408050537,2.4043211936950684,6.2561421394348145,1,0.3189712604324346,0.31340749747476926,150_gemma
3.561962842941284,2.462170124053955,6.251136779785156,1,0.3209718291841057,0.31555154596833157,150_gpt
