subject_loss,object_loss,aggregate_loss,train_MRR,val_MRR,test_MRR,Triples
5.418063640594482,3.7575743198394775,9.354856491088867,0.5853667719213231,0.2711058464924699,0.26689635876738405,15_gemma
5.535436153411865,4.616206645965576,10.344013214111328,0.5852193522778202,0.2735519544319517,0.26892476841265156,15_gpt
