subject_loss,object_loss,aggregate_loss,train_MRR,val_MRR,test_MRR,Triples
4.852437019,4.767858505,9.804374695,1,0.682211414,0.70232169,500_gemma
4.875436306,4.751394272,9.803494453,1,0.682340755,0.70428563,500_gpt
4.908900261,4.798088074,9.874165535,1,0.670635301,0.693230826,1500_gemma
4.878425121,4.821596146,9.854732513,1,0.675366138,0.695359042,1500_gpt
4.865857124,4.768664837,9.794219971,1,0.633968315,0.651288457,2500_gemma
4.860282421,4.769682884,9.787577629,1,0.637323991,0.652137493,2500_gpt
4.87663269,4.735544205,9.767035484,1,0.690012869,0.706964539,0_gemma
4.87663269,4.735544205,9.767035484,1,0.690012869,0.706964539,0_gpt